Elecció;Any;Participació;PP;PSC;% UNIO.CAT;% JxSí;% CUP;% PSC;PACMA;UNIO.CAT;JxSí;% CSQP;% PACMA;% Cs;NUM_VOTANTS;VOTS_BLANCS;CSQP;Cs;VOTS_CANDIDATURES;VOTS_NULS;Districte;NUM_ELECTORS;% PP;Secció;CUP;Altres;% Altres
Parlament;2015;79.73;45;113;1.41;38.56;5.93;15.96;8;10;273;10.17;1.13;18.93;706;2;72;134;702;2;1;888;6.36;15;42;5;0.71%
Parlament;2015;61.55;51;173;1.41;11.14;2.68;24.4;9;10;79;12.41;1.27;36.67;703;6;88;260;693;4;3;1152;7.19;11;19;4;0.58%
Parlament;2015;86.27;74;43;3.54;62.48;8.35;4.22;1;36;636;3.63;0.1;9.23;1014;4;37;94;1006;4;1;1180;7.27;6;85;0;0.00%
Parlament;2015;63.14;35;117;0.58;9.25;3.76;33.82;3;2;32;10.4;0.87;26.59;342;4;36;92;337;1;4;548;10.12;20;13;7;2.08%
Parlament;2015;77.85;94;176;1.46;25.71;7.78;16.1;10;16;281;12.35;0.91;25.07;1087;6;135;274;1077;4;4;1404;8.6;6;85;6;0.56%
Parlament;2015;74.98;62;143;2.25;29.65;6.54;16.12;10;20;263;13.75;1.13;20.74;880;7;122;184;869;4;3;1183;6.99;20;58;7;0.81%
Parlament;2015;81.7;31;94;2.28;28.1;6.85;13.41;10;16;197;13.84;1.43;27.96;698;3;97;196;694;1;5;858;4.42;29;48;5;0.72%
Parlament;2015;80.76;24;69;1.48;36.54;8.14;10.21;6;10;247;12.43;0.89;24.26;672;4;84;164;667;1;5;837;3.55;19;55;8;1.20%
Parlament;2015;76.53;71;147;1.67;19.7;7.71;13.66;15;18;212;15.43;1.39;31.69;1071;5;166;341;1060;6;2;1406;6.6;14;83;7;0.66%
Parlament;2015;85.26;64;91;3.78;51.93;8.64;7.63;2;45;619;6.04;0.17;14.43;1187;5;72;172;1174;8;1;1398;5.37;22;103;6;0.51%
Parlament;2015;79.68;59;98;2.85;50.81;9.65;9.96;11;28;500;7.32;1.12;10.16;977;7;72;100;966;4;4;1235;6;3;95;3;0.31%
Parlament;2015;71.94;60;149;1.19;25.33;6.06;17.72;12;10;213;13.44;1.43;26.28;838;3;113;221;832;3;6;1169;7.13;2;51;3;0.36%
Parlament;2015;77.97;64;197;0.88;16.4;3.95;28.84;8;6;112;12.15;1.17;24.45;680;3;83;167;672;5;6;876;9.37;1;27;8;1.19%
Parlament;2015;69.78;51;155;0.87;15.83;2.26;26.96;4;5;91;11.48;0.7;29.74;572;3;66;171;562;7;2;824;8.87;5;13;6;1.07%
Parlament;2015;81.31;38;124;2.37;19.64;7.24;17.27;3;17;141;16.43;0.42;28.69;711;7;118;206;703;1;5;883;5.29;28;52;4;0.57%
Parlament;2015;83.46;86;51;4.04;59.55;8.16;4.57;9;45;664;2.96;0.81;10.94;1111;4;33;122;1104;3;1;1336;7.71;7;91;3;0.27%
Parlament;2015;77.47;101;231;1.63;22.55;5.8;18.87;14;20;276;13.4;1.14;26.8;1221;3;164;328;1214;4;5;1580;8.25;14;71;9;0.74%
Parlament;2015;82.9;34;83;2.28;42.03;9.49;10.51;9;18;332;8.61;1.14;19.11;782;8;68;151;773;1;5;953;4.3;27;75;3;0.39%
Parlament;2015;84.97;85;94;3.53;60.83;9.36;6.03;8;55;949;3.78;0.51;9.42;1555;5;59;147;1545;5;1;1836;5.45;8;146;2;0.13%
Parlament;2015;82.41;49;100;3.11;48.99;9.08;8.4;12;37;583;8.4;1.01;15.63;1185;5;100;186;1180;0;3;1444;4.12;6;108;5;0.42%
Parlament;2015;66.85;83;172;1.53;14.69;5.05;20.21;8;13;125;15.39;0.94;28.91;845;6;131;246;834;5;6;1273;9.75;11;43;13;1.56%
Parlament;2015;74.4;80;152;1.03;25.6;5.6;17.37;7;9;224;13.37;0.8;26.06;873;2;117;228;868;3;3;1176;9.14;3;49;2;0.23%
Parlament;2015;73.35;71;143;1.48;21.42;7.53;21.12;6;10;145;12.26;0.89;22.16;671;6;83;150;659;6;6;923;10.49;12;51;0;0.00%
Parlament;2015;65.18;85;197;0.52;11.94;5.12;25.85;10;4;91;13.78;1.31;27.03;752;10;105;206;741;1;6;1169;11.15;20;39;4;0.54%
Parlament;2015;81.55;45;116;2.41;33.07;10.58;15.53;7;18;247;11.11;0.94;16.87;739;8;83;126;729;2;1;916;6.02;11;79;8;1.10%
Parlament;2015;69.07;74;114;1.85;22.73;7.58;19.19;11;11;135;9.93;1.85;22.56;591;3;59;134;585;3;6;860;12.46;4;45;2;0.34%
Parlament;2015;84.71;19;67;3.74;50.4;11.36;8.96;0;28;377;7.35;0;14.04;744;4;55;105;738;2;5;883;2.54;7;85;2;0.27%
Parlament;2015;74.34;116;268;0.75;15.81;3.27;25.07;13;8;169;13.56;1.22;28.06;1066;3;145;300;1061;2;5;1438;10.85;10;35;7;0.66%
Parlament;2015;81.22;106;176;2.09;31.15;7.5;15.36;9;24;357;12.13;0.79;19.9;1137;9;139;228;1127;1;5;1411;9.25;21;86;2;0.18%
Parlament;2015;82.07;69;127;1.86;44.06;8.54;9.44;8;25;593;9.73;0.59;17.83;1330;16;131;240;1314;0;3;1640;5.13;7;115;6;0.46%
Parlament;2015;73.66;68;109;0.91;16.06;2.37;19.89;8;5;88;14.23;1.46;29.01;545;3;78;159;539;3;4;744;12.41;9;13;11;2.04%
Parlament;2015;78.22;51;117;2.98;31.71;7.29;12.93;11;27;287;13.15;1.22;23.98;903;2;119;217;898;3;5;1157;5.64;24;66;3;0.33%
Parlament;2015;76.88;98;240;1.73;13.99;5.55;17.3;15;24;194;17.02;1.08;32.66;1371;16;236;453;1351;4;6;1804;7.07;24;77;14;1.04%
Parlament;2015;88.14;22;19;3.17;55.15;11.35;5.01;0;12;209;5.54;0;11.61;375;4;21;44;370;1;1;430;5.8;18;43;0;0.00%
Parlament;2015;63.27;42;100;0.93;17.48;3.26;23.31;8;4;75;17.25;1.86;24.01;428;1;74;103;424;3;2;678;9.79;12;14;4;0.94%
Parlament;2015;75.34;58;124;1.08;12.47;5.64;14.87;19;9;104;16.19;2.28;38.25;829;5;135;319;822;2;6;1107;6.95;6;47;7;0.85%
Parlament;2015;66.08;48;128;1.03;17.32;4.54;26.39;1;5;84;16.08;0.21;22.47;483;2;78;109;480;1;4;734;9.9;10;22;5;1.04%
Parlament;2015;81.17;98;169;3.28;31.76;7.9;14.2;6;39;378;10.25;0.5;22.52;1187;3;122;268;1179;5;5;1466;8.24;11;94;5;0.42%
Parlament;2015;77.23;41;69;2.59;28.77;8.49;16.27;7;11;122;10.14;1.65;21.7;424;0;43;92;424;0;5;549;9.67;22;36;3;0.71%
Parlament;2015;71.32;54;106;0.9;22.74;7.53;15.96;3;6;151;14.46;0.45;28.31;661;3;96;188;658;0;3;931;8.13;4;50;4;0.61%
Parlament;2015;85.1;60;75;2.76;58.6;12.44;5.76;3;36;763;4.99;0.23;9.83;1299;3;65;128;1295;1;1;1530;4.61;4;162;3;0.23%
Parlament;2015;78.56;56;126;1.77;20.79;6.4;12.41;22;18;211;16.16;2.17;31.92;1006;9;164;324;996;1;2;1292;5.52;16;65;10;1.00%
Parlament;2015;75.11;100;307;0.52;8.81;2.53;26.77;11;6;101;15.34;0.96;33.74;1142;5;176;387;1126;11;3;1527;8.72;10;29;9;0.80%
Parlament;2015;80.31;44;98;1.68;39.75;10.75;10.97;5;15;355;11.98;0.56;17.58;887;6;107;157;881;0;1;1112;4.93;12;96;4;0.45%
Parlament;2015;69.97;56;130;1.55;7.3;3.1;28.76;4;7;33;14.16;0.88;28.54;448;4;64;129;443;1;3;646;12.39;16;14;6;1.35%
Parlament;2015;81.97;55;126;2.67;51.3;7.38;9.9;11;34;653;7.23;0.86;15.16;1268;5;92;193;1260;3;5;1553;4.32;6;94;2;0.16%
Parlament;2015;84.97;61;76;2.83;47.41;6.72;8.96;2;24;402;8.37;0.24;17.22;847;1;71;146;842;4;5;998;7.19;26;57;3;0.36%
Parlament;2015;81.78;47;123;2.4;25.67;5.64;17.35;4;17;182;13.54;0.56;25.53;703;6;96;181;694;3;5;867;6.63;25;40;4;0.58%
Parlament;2015;81.64;61;33;3.36;63.53;9.73;3.69;2;30;568;4.03;0.22;7.16;890;4;36;64;885;1;1;1095;6.82;2;87;4;0.45%
Parlament;2015;75.33;125;193;1.85;27.46;6.38;16.2;15;22;327;10.58;1.26;24.18;1188;3;126;288;1179;6;1;1581;10.5;14;76;7;0.59%
Parlament;2015;81.2;67;128;2.87;33.52;9.37;14.11;10;26;304;9.04;1.1;21.28;906;1;82;193;901;4;1;1117;7.39;19;85;6;0.67%
Parlament;2015;75.13;120;255;1.95;21.95;5.16;17.77;17;28;315;14.36;1.18;27.32;1429;6;206;392;1416;7;5;1910;8.36;16;74;9;0.64%
Parlament;2015;59.35;52;118;0.86;4.3;1.15;33.81;4;3;15;14.61;1.15;27.79;348;1;51;97;347;0;2;588;14.9;15;4;3;0.86%
Parlament;2015;81.11;92;173;1.93;43.98;8.25;11.51;16;29;661;8.32;1.06;17.43;1498;5;125;262;1488;5;4;1853;6.12;18;124;6;0.40%
Parlament;2015;73.7;119;213;1.67;16.77;6.3;19.74;11;18;181;13.25;1.02;28.17;1073;6;143;304;1064;3;6;1464;11.03;3;68;7;0.66%
Parlament;2015;77.84;50;140;1.64;20.57;7.75;20.86;3;11;138;12.22;0.45;26.83;665;6;82;180;659;0;6;862;7.45;9;52;3;0.46%
Parlament;2015;66.9;69;138;3.03;19.87;6.97;18.16;10;23;151;14.87;1.32;24.87;756;4;113;189;749;3;6;1136;9.08;16;53;3;0.40%
Parlament;2015;70.73;47;115;1.01;11.97;4.06;23.33;12;5;59;14;2.43;29.82;491;2;69;147;478;11;2;697;9.53;8;20;4;0.84%
Parlament;2015;74.33;99;173;1.2;14.08;5.42;20.82;13;10;117;15.4;1.56;27.8;831;0;128;231;823;8;5;1118;11.91;2;45;7;0.85%
Parlament;2015;77.99;28;67;2.97;45.54;9.9;11.06;6;18;276;9.74;0.99;14.19;604;2;59;86;602;0;5;777;4.62;5;60;2;0.33%
Parlament;2015;79.19;68;101;2.04;34.44;10.84;12.88;7;16;270;11.73;0.89;17.35;782;2;92;136;778;2;4;990;8.67;12;85;3;0.39%
Parlament;2015;86.49;53;85;1.94;52.68;7.64;9.69;2;17;462;6.04;0.23;14.48;873;4;53;127;867;2;1;1014;6.04;20;67;1;0.12%
Parlament;2015;74.77;64;102;1.81;32.98;5.72;15.36;6;12;219;13.7;0.9;19.13;662;2;91;127;660;0;4;888;9.64;25;38;1;0.15%
Parlament;2015;72.07;56;154;0.83;20.81;6.42;18.31;9;7;175;15.93;1.07;28.54;839;2;134;240;836;1;5;1167;6.66;13;54;7;0.84%
Parlament;2015;77.25;18;70;1.9;15.68;6.65;16.63;2;8;66;18.05;0.48;33.97;418;3;76;143;414;1;6;545;4.28;30;28;3;0.72%
Parlament;2015;78.38;84;102;1.8;46.05;6.7;8.76;17;21;536;9.11;1.46;17.53;1160;4;106;204;1152;4;5;1485;7.22;3;78;4;0.35%
Parlament;2015;81.3;43;59;3.42;58.96;9.43;6.96;5;29;500;3.66;0.59;10.5;843;5;31;89;836;2;4;1043;5.07;26;80;0;0.00%
Parlament;2015;71.45;60;147;0.78;16.29;6.92;16.41;21;7;146;16.41;2.34;31.14;889;7;147;279;879;3;2;1254;6.7;17;62;10;1.14%
Parlament;2015;66.31;91;159;2.04;22.15;6.39;21.6;5;15;163;9.51;0.68;23.78;736;0;70;175;731;5;3;1110;12.36;14;47;6;0.82%
Parlament;2015;78.87;77;196;1.86;21.79;4.28;15.82;19;23;270;13.32;1.53;33.09;1233;6;165;410;1223;4;4;1571;6.21;22;53;10;0.82%
Parlament;2015;82.8;36;107;2.27;49.2;10.1;10.1;3;24;521;8.4;0.28;13.6;1048;11;89;144;1034;3;5;1279;3.4;23;107;3;0.29%
Parlament;2015;77.85;67;150;1.22;24.93;5.83;20.33;12;9;184;11.79;1.63;23.58;738;0;87;174;730;8;3;948;9.08;15;43;4;0.55%
Parlament;2015;82.64;46;128;1.9;31.27;6.56;12.17;4;20;329;15.21;0.38;26.33;1044;8;160;277;1035;1;5;1273;4.37;17;69;2;0.19%
Parlament;2015;75.52;67;189;1.1;15.38;5.93;20.77;12;10;140;14.95;1.32;31.54;908;2;136;287;903;3;6;1205;7.36;26;54;8;0.89%
Parlament;2015;84.04;53;33;5.16;58.11;10.69;4.15;4;41;462;4.65;0.5;8.68;791;4;37;69;785;2;4;946;6.67;16;85;1;0.13%
Parlament;2015;89.12;25;12;3.89;64.42;10.8;2.12;2;22;364;5.31;0.35;7.96;564;1;30;45;563;0;1;634;4.42;24;61;2;0.36%
Parlament;2015;74.44;52;122;0.94;10.57;6.04;23.02;5;5;56;16.42;0.94;30;529;1;87;159;527;1;6;712;9.81;13;32;9;1.71%
Parlament;2015;87.9;45;51;4.27;60.5;7.83;6.05;2;36;510;3.32;0.24;11.39;839;4;28;96;834;1;4;959;5.34;14;66;0;0.00%
Parlament;2015;66.47;50;118;1.73;10.39;3.25;25.54;6;8;48;11.9;1.3;34.42;461;1;55;159;460;0;2;695;10.82;4;15;1;0.22%
Parlament;2015;71.48;63;118;0.91;16.94;6.38;21.49;7;5;93;14.39;1.28;25.68;546;3;79;141;543;0;4;768;11.48;21;35;2;0.37%
Parlament;2015;78.31;59;144;2.72;38.19;7.39;13.99;7;28;393;11.08;0.68;19.14;1026;3;114;197;1020;3;3;1314;5.73;1;76;2;0.20%
Parlament;2015;83.57;48;41;5.23;63.51;8.06;5.8;2;37;449;1.98;0.28;7.07;703;4;14;50;698;1;4;846;6.79;15;57;0;0.00%
Parlament;2015;71.85;55;133;1.78;20.1;7;16.92;7;14;158;17.18;0.89;26.97;784;2;135;212;780;2;6;1094;7;5;55;11;1.41%
Parlament;2015;74.77;99;186;1.55;16.25;4.74;17.99;12;16;168;15.28;1.16;30.56;1025;9;158;316;1014;2;6;1383;9.57;25;49;10;0.99%
Parlament;2015;68.81;62;154;1.62;13.85;2.88;27.7;6;9;77;10.79;1.08;28.78;553;3;60;160;549;1;2;808;11.15;3;16;5;0.91%
Parlament;2015;81.54;56;112;1.54;42.09;8.79;12.31;7;14;383;9.34;0.77;17.58;907;3;85;160;901;3;4;1116;6.15;4;80;4;0.44%
Parlament;2015;70.7;59;84;1.23;13.05;4.41;14.81;5;7;74;18.34;0.88;35.1;565;2;104;199;561;2;2;802;10.41;11;25;4;0.71%
Parlament;2015;80.61;46;131;1.99;12.6;2.65;21.72;8;12;76;17.25;1.33;30.18;596;7;104;182;586;3;3;748;7.63;18;16;11;1.88%
Parlament;2015;82.73;36;48;3.61;62.51;9.62;5.25;2;33;572;4.04;0.22;9.4;912;3;37;86;905;4;4;1106;3.93;2;88;3;0.33%
Parlament;2015;86.85;39;34;3.43;69.5;7.85;3.76;2;31;629;1.88;0.22;8.18;902;3;17;74;898;1;1;1042;4.31;1;71;1;0.11%
Parlament;2015;71.88;100;343;1.51;11.91;4.09;30.49;13;17;134;16.36;1.16;23.2;1120;5;184;261;1108;7;3;1565;8.89;8;46;10;0.90%
Parlament;2015;74.86;53;81;1.95;28.79;7.8;12.14;3;13;192;14.09;0.45;25.04;664;3;94;167;659;2;4;891;7.95;19;52;4;0.61%
Parlament;2015;77.95;22;86;2.41;29.82;6.36;18.86;5;11;136;8.77;1.1;25;454;2;40;114;450;2;5;585;4.82;12;29;7;1.56%
Parlament;2015;72.42;110;235;1.54;24.36;5.8;17.24;26;21;332;12.4;1.91;27.29;1359;4;169;372;1351;4;4;1882;8.07;7;79;7;0.52%
Parlament;2015;84;66;116;1.65;61.03;8.74;8.31;3;23;852;5.3;0.21;8.88;1390;6;74;124;1383;1;1;1662;4.73;17;122;3;0.22%
Parlament;2015;72.04;59;137;2.9;12.02;4.42;18.92;4;21;87;15.33;0.55;35.64;720;4;111;258;714;2;6;1005;8.15;23;32;5;0.70%
Parlament;2015;70.49;36;105;3.06;14.72;7.46;20.08;3;16;77;16.06;0.57;29.83;522;1;84;156;518;3;6;742;6.88;31;39;2;0.39%
Parlament;2015;71.12;77;235;1.81;19.73;6.2;22.4;8;19;207;13.25;0.76;25.26;1044;5;139;265;1031;8;5;1475;7.34;15;65;16;1.55%
Parlament;2015;82.54;48;22;4.11;63.92;10.81;2.59;2;35;544;2.82;0.24;8.7;848;3;24;74;843;2;1;1031;5.64;9;92;2;0.24%
Parlament;2015;72.8;63;98;1.32;19.06;4.91;18.49;6;7;101;13.02;1.13;27.55;526;4;69;146;519;3;2;728;11.89;6;26;3;0.58%
Parlament;2015;81.52;60;103;2.82;43.26;9.09;10.76;5;27;414;8.99;0.52;16.93;954;3;86;162;946;5;5;1174;6.27;4;87;2;0.21%
Parlament;2015;79.89;83;209;2.58;30.66;8.52;13.49;24;40;475;13.04;1.55;22.85;1539;10;202;354;1524;5;3;1939;5.36;9;132;5;0.33%
Parlament;2015;83.15;82;158;1.88;50.19;8.31;10.26;17;29;773;5.97;1.1;14.87;1529;11;92;229;1514;4;1;1852;5.32;16;128;6;0.40%
Parlament;2015;85.98;54;61;2.6;55.76;8.62;6.33;7;25;537;7.58;0.73;11.84;960;3;73;114;957;0;4;1120;5.61;17;83;3;0.31%
Parlament;2015;79.85;29;58;0.93;15.74;5.09;13.43;6;4;68;16.2;1.39;36.81;426;6;70;159;419;1;6;541;6.71;32;22;3;0.72%
Parlament;2015;83.83;84;182;1.67;34.54;7.14;16.04;5;19;392;11.45;0.44;20.18;1131;4;130;229;1125;2;5;1354;7.4;9;81;3;0.27%
Parlament;2015;72.45;101;184;2.2;18.76;3.88;23.8;7;17;145;12.94;0.91;22.51;768;5;100;174;760;3;2;1067;13.07;1;30;2;0.26%
Parlament;2015;75.61;43;114;1.98;40.19;8.35;11.9;8;19;385;10.33;0.84;19.31;949;9;99;185;939;1;4;1267;4.49;5;80;6;0.64%
Parlament;2015;76.45;49;108;1.24;24.72;5.94;14.92;11;9;179;14.5;1.52;27.35;718;6;105;198;709;3;4;947;6.77;8;43;7;0.99%
Parlament;2015;84.24;64;51;2.75;58.88;8.46;5.39;7;26;557;5.5;0.74;9.83;941;5;52;93;933;3;4;1123;6.77;1;80;3;0.32%
Parlament;2015;57.83;41;59;1.39;14.93;4.51;20.49;6;4;43;15.28;2.08;24.31;287;1;44;70;282;4;2;498;14.24;2;13;2;0.71%
Parlament;2015;78.97;59;149;2.23;42.6;11.25;12.32;18;27;515;8.35;1.49;15.05;1202;7;101;182;1193;2;3;1531;4.88;5;136;6;0.50%
Parlament;2015;80.84;68;127;2.25;46.63;8.74;10.99;5;26;539;8.13;0.43;14.97;1148;8;94;173;1136;4;5;1430;5.88;8;101;3;0.26%
Parlament;2015;78.35;90;152;2.09;17.34;4.43;19.82;9;16;133;16.43;1.17;24.51;760;7;126;188;750;3;5;979;11.73;18;34;2;0.27%
Parlament;2015;67.36;58;123;2.07;14.7;5.38;25.47;4;10;71;13.04;0.83;23.4;478;5;63;113;473;0;6;717;12.01;14;26;5;1.06%
Parlament;2015;68.18;63;153;0.66;9.63;2.82;25.42;6;4;58;14.29;1;33.89;599;3;86;204;594;2;3;883;10.47;17;17;3;0.51%
Parlament;2015;71.76;77;178;2.34;16.36;4.55;23.12;8;18;126;15.32;1.04;24.16;764;6;118;186;755;3;2;1073;10;9;35;9;1.19%
Parlament;2015;80.17;71;189;1.15;13.63;5.24;19.81;7;11;130;18.24;0.73;32.29;950;4;174;308;944;2;6;1190;7.44;28;50;4;0.42%
Parlament;2015;80.63;76;198;1.31;21.98;5.39;16.18;12;16;269;15.93;0.98;28.27;1211;13;195;346;1191;7;4;1518;6.21;23;66;13;1.09%
Parlament;2015;85.43;47;47;3.29;57.29;11.29;5.53;1;28;487;5.41;0.12;10.71;848;2;46;91;844;2;1;995;5.53;5;96;1;0.12%
Parlament;2015;79.68;30;102;1.61;22.09;4.42;20.48;1;8;110;10.64;0.2;30.72;491;7;53;153;483;1;1;625;6.02;13;22;4;0.83%
Parlament;2015;86.86;28;58;3.39;58.6;9.69;7.02;4;28;484;5.69;0.48;9.81;820;6;47;81;814;0;1;951;3.39;10;80;4;0.49%
Parlament;2015;72.05;56;202;0.86;11.7;1.85;28.82;10;6;82;13.12;1.43;31.38;695;6;92;220;686;3;6;973;7.99;27;13;5;0.73%
Parlament;2015;69.09;67;165;1.27;13.69;3.66;26.27;5;8;86;10.83;0.8;30.41;624;4;68;191;615;5;3;909;10.67;19;23;2;0.33%
Parlament;2015;76.79;177;255;1.49;13.85;3.95;18.99;10;20;186;12.06;0.74;33.28;1334;9;162;447;1317;8;3;1749;13.18;12;53;7;0.53%
Parlament;2015;80.15;61;117;1.74;33.37;6.86;13.6;9;15;287;12.33;1.05;22.21;855;5;106;191;849;1;3;1073;7.09;2;59;4;0.47%
Parlament;2015;68.26;79;176;0.48;11.59;3.02;27.94;4;3;73;14.29;0.63;26.83;627;3;90;169;621;3;6;923;12.54;18;19;8;1.29%
Parlament;2015;81.27;91;150;2.91;34.03;6.71;12.13;12;36;421;9.62;0.97;24.98;1234;3;119;309;1230;1;5;1522;7.36;1;83;9;0.73%
Parlament;2015;81.09;42;103;2.69;25.03;5.98;12.58;14;22;205;13.92;1.71;30.89;813;6;114;253;805;2;6;1010;5.13;33;49;3;0.37%
Parlament;2015;81.3;60;100;1.71;40.66;7.97;11.39;11;15;357;7.4;1.25;20.39;869;9;65;179;858;2;1;1080;6.83;21;70;1;0.12%
Parlament;2015;81.96;40;107;3.19;41.26;11.42;11.01;7;31;401;9.77;0.72;16.67;966;6;95;162;957;3;5;1186;4.12;20;111;3;0.31%
Parlament;2015;75.78;103;155;1.22;20.82;6.88;13.5;15;14;239;13.94;1.31;31.45;1142;6;160;361;1133;3;4;1515;8.97;24;79;7;0.62%
Parlament;2015;79.41;75;176;2.55;34.13;8.44;13.62;5;33;441;11.38;0.39;21.21;1280;12;147;274;1265;3;6;1627;5.8;8;109;5;0.40%
Parlament;2015;77.26;47;103;0.84;12.04;6.35;17.22;7;5;72;16.39;1.17;36.79;597;1;98;220;596;0;6;774;7.86;29;38;6;1.01%
Parlament;2015;89.61;58;85;3.16;46.96;9.72;9.95;5;27;401;5.04;0.59;16.28;852;2;43;139;845;5;1;953;6.79;23;83;4;0.47%
Parlament;2015;78.79;87;246;1.29;19.32;7.03;19.89;9;16;239;13.58;0.73;29.99;1236;1;168;371;1225;10;6;1570;7.03;10;87;2;0.16%
Parlament;2015;81.94;50;93;2.57;48.3;10.2;9.58;9;25;469;9.68;0.93;12.87;970;1;94;125;966;3;4;1185;5.15;13;99;2;0.21%
